<?xml version="1.0" encoding="UTF-8"?>
<metadata modelVersion="1.1.0">
  <groupId>local</groupId>
  <artifactId>java.core.helloworld</artifactId>
  <version>0.0.2-SNAPSHOT</version>
  <versioning>
    <snapshot>
      <localCopy>true</localCopy>
    </snapshot>
    <lastUpdated>20191024183713</lastUpdated>
    <snapshotVersions>
      <snapshotVersion>
        <extension>jar</extension>
        <value>0.0.2-SNAPSHOT</value>
        <updated>20191024183713</updated>
      </snapshotVersion>
      <snapshotVersion>
        <extension>pom</extension>
        <value>0.0.2-SNAPSHOT</value>
        <updated>20191024183713</updated>
      </snapshotVersion>
    </snapshotVersions>
  </versioning>
</metadata>
